State,Year,MedianPrice
AK,2000,152485.738888889
AK,2001,170211.711111111
AK,2002,184433.983333333
AK,2003,193682.329787234
AK,2004,207289.854166667
AK,2005,197413.611231102
AK,2006,211530.615079365
AK,2007,222392.359126984
AK,2008,227302.401162791
AK,2009,222730.354166667
AK,2010,222851.589015152
AK,2011,220805.492424242
AK,2012,216269.60106383
AK,2013,220093.04964539
AK,2014,225386.335106383
AK,2015,233657.397163121
AK,2016,237447.984042553
AK,2017,239329.439236111
AK,2018,240886.307291667
AK,2019,254041.854166667
AK,2020,259789.112847222
AK,2021,270503.184895833
AL,2000,100924.00254065
AL,2001,106854.969289827
AL,2002,111619.463833635
AL,2003,114137.64582744
AL,2004,118228.898417985
AL,2005,124293.381254964
AL,2006,133483.778811369
AL,2007,138544.73925
AL,2008,137585.048121778
AL,2009,131446.226298343
AL,2010,123540.408507223
AL,2011,116320.712488263
AL,2012,110857.307718579
AL,2013,111268.610747271
AL,2014,112307.617077176
AL,2015,113861.687807198
AL,2016,115392.943201111
AL,2017,118377.13100834
AL,2018,122944.824686941
AL,2019,127898.222381842
AL,2020,133965.310911389
AL,2021,144658.522496372
AR,2000,66108.4922870557
AR,2001,69457.1067140951
AR,2002,71685.3350796769
AR,2003,73179.291206544
AR,2004,76977.9350465399
AR,2005,82599.1959241324
AR,2006,88237.0784274194
AR,2007,90521.1708937198
AR,2008,89683.9328778135
AR,2009,86117.7435643564
AR,2010,83819.0973571706
AR,2011,81199.1290877797
AR,2012,80614.1613320999
AR,2013,81085.6466607302
AR,2014,80784.7624131503
AR,2015,82636.6109427609
AR,2016,84865.0885567342
AR,2017,88314.8694638695
AR,2018,92669.0532418002
AR,2019,96804.7162223226
AR,2020,100191.615103176
AR,2021,106235.774912587
AZ,2000,141815.787575758
AZ,2001,150057.004816376
AZ,2002,157191.0592723
AZ,2003,165906.467555041
AZ,2004,181748.072763877
AZ,2005,231793.883847032
AZ,2006,281309.263984018
AZ,2007,277553.478881279
AZ,2008,233088.926310044
AZ,2009,184280.1022757
AZ,2010,166697.773824981
AZ,2011,149353.294132918
AZ,2012,156169.643937452
AZ,2013,180263.752141058
AZ,2014,194363.625156289
AZ,2015,201925.319561971
AZ,2016,212477.69259351
AZ,2017,223594.318496538
AZ,2018,238776.183275777
AZ,2019,251484.014344761
AZ,2020,272383.062742248
AZ,2021,322420.422028353
CA,2000,293975.669921749
CA,2001,328475.926542011
CA,2002,359039.860107378
CA,2003,403311.419276967
CA,2004,475100.271166647
CA,2005,558938.739911071
CA,2006,608420.188035145
CA,2007,571303.377080564
CA,2008,484946.959343196
CA,2009,408359.658423089
CA,2010,399689.930336844
CA,2011,374344.841856601
CA,2012,373956.58357216
CA,2013,437575.380044843
CA,2014,487747.117808358
CA,2015,516107.99055317
CA,2016,547703.134703311
CA,2017,579138.598497747
CA,2018,621777.339206176
CA,2019,624138.988691358
CA,2020,648342.680313331
CA,2021,716382.659632154
CO,2000,202426.121393035
CO,2001,224042.385034688
CO,2002,233137.204440107
CO,2003,236992.569940828
CO,2004,241333.870938004
CO,2005,252684.530178326
CO,2006,263870.765751575
CO,2007,270976.774744785
CO,2008,267053.762527233
CO,2009,251095.726724311
CO,2010,240484.417820238
CO,2011,230029.354021655
CO,2012,229558.804986974
CO,2013,242837.121481481
CO,2014,260713.766746192
CO,2015,282078.673905176
CO,2016,302764.797746781
CO,2017,322893.996813595
CO,2018,345372.340140845
CO,2019,357259.561742101
CO,2020,370127.3643608
CO,2021,410975.453482461
CT,2000,194433.325443787
CT,2001,210435.984870669
CT,2002,230832.224806202
CT,2003,264160.94348659
CT,2004,294341.183429119
CT,2005,330985.50047619
CT,2006,353269.992857143
CT,2007,350149.468690702
CT,2008,334633.695549242
CT,2009,311053.878787879
CT,2010,295632.719223485
CT,2011,280661.868209731
CT,2012,277532.123230373
CT,2013,285791.406730769
CT,2014,292993.947956577
CT,2015,295837.693497475
CT,2016,298879.683484801
CT,2017,303905.222707424
CT,2018,308719.403763109
CT,2019,309179.717682927
CT,2020,320274.687575758
CT,2021,366434.164545455
DC,2000,221573.746212121
DC,2001,248045.928030303
DC,2002,289654.125
DC,2003,337738.496212121
DC,2004,393509.678030303
DC,2005,468949.606060606
DC,2006,514554.859848485
DC,2007,513711.443181818
DC,2008,503884.227272727
DC,2009,480255.96969697
DC,2010,478025.363636364
DC,2011,471561.545454545
DC,2012,480447.833333333
DC,2013,545557.206521739
DC,2014,591412.434782609
DC,2015,600161.510869565
DC,2016,620532.934782609
DC,2017,649900.833333333
DC,2018,665190.583333333
DC,2019,692577.007246377
DC,2020,710247.844202899
DC,2021,744157.597826087
DE,2000,179968.386666667
DE,2001,198372.281666667
DE,2002,213416.773333333
DE,2003,239446.17
DE,2004,275979.051666667
DE,2005,319532.473333333
DE,2006,355596.981666667
DE,2007,359650.148333333
DE,2008,341761.336666667
DE,2009,313365.611893584
DE,2010,289757.433908046
DE,2011,265295.791316527
DE,2012,243606.70959596
DE,2013,245325.108585859
DE,2014,255322.676767677
DE,2015,259633.914141414
DE,2016,266630.726010101
DE,2017,271952.785353535
DE,2018,280705.428030303
DE,2019,287127.321969697
DE,2020,297284.983585859
DE,2021,330562.490530303
FL,2000,130130.708973081
FL,2001,141243.545725943
FL,2002,155324.657990733
FL,2003,172657.875195771
FL,2004,191244.223926941
FL,2005,236018.079524846
FL,2006,282460.173716558
FL,2007,271990.2437793
FL,2008,227062.682095443
FL,2009,183737.73962804
FL,2010,167521.148395722
FL,2011,152931.626640653
FL,2012,153137.356903249
FL,2013,169710.623411017
FL,2014,187713.137093927
FL,2015,200110.527807203
FL,2016,214612.060381356
FL,2017,228296.952860169
FL,2018,242115.299699859
FL,2019,255030.552258403
FL,2020,266325.142094204
FL,2021,297254.795164893
GA,2000,111135.635282021
GA,2001,119301.259671747
GA,2002,123596.540792876
GA,2003,125928.384143793
GA,2004,129764.894499795
GA,2005,135101.142953838
GA,2006,141908.949486764
GA,2007,146409.029130142
GA,2008,146806.129316091
GA,2009,133661.288527073
GA,2010,124151.147044025
GA,2011,114227.650853414
GA,2012,111330.650534959
GA,2013,118240.511460786
GA,2014,127805.833312996
GA,2015,135286.952073957
GA,2016,142665.938896987
GA,2017,150013.452588292
GA,2018,161150.09995183
GA,2019,170028.566091954
GA,2020,176467.182664756
GA,2021,191802.860610387
HI,2000,242997.717567568
HI,2001,258655.292715232
HI,2002,277513.744400527
HI,2003,316168.037760417
HI,2004,383642.173177083
HI,2005,485739.583333333
HI,2006,571723.209635417
HI,2007,580718.973958333
HI,2008,564446.8046875
HI,2009,511626.450520833
HI,2010,497838.673177083
HI,2011,493241.392535393
HI,2012,486338.815384615
HI,2013,509968.875641026
HI,2014,550288.692307692
HI,2015,543201.98172043
HI,2016,555126.938271605
HI,2017,575164.048632219
HI,2018,592956.812248996
HI,2019,608318.567269076
HI,2020,622370.541624875
HI,2021,672362.305970149
IA,2000,96040.8708693442
IA,2001,100984.594004065
IA,2002,103434.771302644
IA,2003,106471.438989514
IA,2004,111462.276473195
IA,2005,115785.133414436
IA,2006,120406.122807018
IA,2007,124208.040744643
IA,2008,124469.315109344
IA,2009,112656.474499859
IA,2010,107279.627148331
IA,2011,105479.41307815
IA,2012,106447.572684458
IA,2013,108205.672209026
IA,2014,110491.860283047
IA,2015,113546.161435416
IA,2016,116892.785364448
IA,2017,119952.899214781
IA,2018,123446.564997288
IA,2019,126667.207407407
IA,2020,129444.101340107
IA,2021,134000.83776352
ID,2000,97550.5535714286
ID,2001,138715.099730458
ID,2002,141386.416666667
ID,2003,144745.791666667
ID,2004,152399.041666667
ID,2005,159549.046904315
ID,2006,174818.215361446
ID,2007,199460.085081585
ID,2008,206474.016877637
ID,2009,189366.862845445
ID,2010,168258.061142397
ID,2011,154277.440219522
ID,2012,153846.426695842
ID,2013,165277.174258858
ID,2014,173069.064885496
ID,2015,178706.823743386
ID,2016,190078.548884514
ID,2017,205402.024934383
ID,2018,226643.480901077
ID,2019,247369.056161746
ID,2020,266797.2944922
ID,2021,309149.453897338
IL,2000,162719.475637643
IL,2001,172433.780016653
IL,2002,179986.295543393
IL,2003,188563.396815861
IL,2004,198073.335185185
IL,2005,209888.785459043
IL,2006,214502.200918342
IL,2007,213120.455567388
IL,2008,199936.487667128
IL,2009,158994.096678322
IL,2010,147643.085767348
IL,2011,137322.096023441
IL,2012,124083.71923274
IL,2013,127493.198459414
IL,2014,133273.469623503
IL,2015,136632.627888897
IL,2016,139896.366999372
IL,2017,143244.197082791
IL,2018,145903.457531675
IL,2019,147346.742868463
IL,2020,148968.064147742
IL,2021,157672.715425791
IN,2000,94855.8075949367
IN,2001,99778.1622137405
IN,2002,101216.971043771
IN,2003,113111.23605948
IN,2004,118550.293416928
IN,2005,124193.720379147
IN,2006,127210.603550296
IN,2007,127637.046665149
IN,2008,126054.834971763
IN,2009,114300.464135021
IN,2010,110999.339766379
IN,2011,107689.524420326
IN,2012,102475.436858262
IN,2013,103468.031361443
IN,2014,107010.263569122
IN,2015,110389.442133722
IN,2016,113865.097654628
IN,2017,119366.890099626
IN,2018,127467.321502698
IN,2019,135373.359519121
IN,2020,142148.943374741
IN,2021,154729.439956501
KS,2000,100983.47826087
KS,2001,163518.059701493
KS,2002,153246.356164384
KS,2003,151535.46259542
KS,2004,156392.407220217
KS,2005,160051.166987797
KS,2006,158898.34858519
KS,2007,159494.419501134
KS,2008,160881.611530172
KS,2009,146938.264971995
KS,2010,135482.584569733
KS,2011,125664.720845722
KS,2012,112980.505117125
KS,2013,114323.676053165
KS,2014,116509.171132239
KS,2015,120091.353846154
KS,2016,124514.025673669
KS,2017,128127.375494895
KS,2018,130125.726138726
KS,2019,133387.181218817
KS,2020,134807.80735344
KS,2021,142337.105968331
KY,2000,83628.142287234
KY,2001,87934.4011037528
KY,2002,90067.1860267573
KY,2003,90983.1838645418
KY,2004,93951.2678156468
KY,2005,97508.1223200613
KY,2006,100251.350686499
KY,2007,101905.304942966
KY,2008,101737.077181835
KY,2009,99278.6274819891
KY,2010,97333.4728552279
KY,2011,94350.8071182549
KY,2012,92893.1702463677
KY,2013,93176.7086457536
KY,2014,93447.7141185077
KY,2015,94272.5622389307
KY,2016,94850.7496755775
KY,2017,97974.5580458323
KY,2018,100489.792740472
KY,2019,104158.355842912
KY,2020,107266.090485298
KY,2021,112537.28624404
LA,2000,117648.291509434
LA,2001,125080.610486891
LA,2002,130713.197074673
LA,2003,135005.240531561
LA,2004,142952.162615741
LA,2005,149840.318110236
LA,2006,160154.772959184
LA,2007,160596.560474669
LA,2008,157899.55957272
LA,2009,143669.804236006
LA,2010,137583.525060959
LA,2011,133447.840508299
LA,2012,128170.311235955
LA,2013,129677.188373641
LA,2014,132928.725630983
LA,2015,135875.37361737
LA,2016,139069.934804616
LA,2017,141907.374675454
LA,2018,143704.045744065
LA,2019,145158.282788425
LA,2020,147987.129056184
LA,2021,153002.911214953
MA,2000,239904.567003252
MA,2001,274759.858316222
MA,2002,307181.696468179
MA,2003,344068.707055215
MA,2004,377015.839809134
MA,2005,408825.557600545
MA,2006,415464.990835031
MA,2007,399382.642566191
MA,2008,380632.781059063
MA,2009,358707.915609674
MA,2010,359218.486272528
MA,2011,348400.723952197
MA,2012,342442.092330727
MA,2013,362183.16002656
MA,2014,382506.041500664
MA,2015,397389.018518519
MA,2016,411841.291728092
MA,2017,431228.60320544
MA,2018,454866.655798265
MA,2019,465291.914097624
MA,2020,484041.95761079
MA,2021,537301.769711538
MD,2000,177864.459323923
MD,2001,190815.950259837
MD,2002,210345.695991091
MD,2003,239215.287861915
MD,2004,279712.931328879
MD,2005,336223.263177431
MD,2006,380800.87537092
MD,2007,383443.081481481
MD,2008,352757.830962498
MD,2009,312869.455567847
MD,2010,298496.173137075
MD,2011,284016.492463235
MD,2012,278994.924078091
MD,2013,291351.409797542
MD,2014,301026.738973247
MD,2015,301131.230477223
MD,2016,303074.379067245
MD,2017,311895.280007231
MD,2018,322099.545634921
MD,2019,327984.136183261
MD,2020,336635.871753247
MD,2021,371140.229166667
ME,2000,136243.066838046
ME,2001,148818.478707783
ME,2002,162080.702343477
ME,2003,174847.549765991
ME,2004,197313.6759231
ME,2005,215371.751818182
ME,2006,220877.945151515
ME,2007,219505.269090909
ME,2008,215600.75120919
ME,2009,204302.438974658
ME,2010,196361.582995951
ME,2011,189265.327431141
ME,2012,186907.172129158
ME,2013,182944.871366445
ME,2014,180488.815073116
ME,2015,184294.883183856
ME,2016,187496.956338652
ME,2017,194309.513076241
ME,2018,203841.158244681
ME,2019,212123.289450355
ME,2020,224804.276548673
ME,2021,252069.931045859
MI,2000,135755.799388719
MI,2001,143772.789014942
MI,2002,149489.490916541
MI,2003,152793.750446542
MI,2004,158140.255605946
MI,2005,163847.40202576
MI,2006,164903.49894815
MI,2007,156788.381575758
MI,2008,142187.997643098
MI,2009,123728.467634283
MI,2010,115505.396786409
MI,2011,109863.659309791
MI,2012,108227.504931893
MI,2013,115495.995988695
MI,2014,124692.554544644
MI,2015,130617.319827358
MI,2016,136170.3581517
MI,2017,144571.055603747
MI,2018,154473.752813853
MI,2019,162425.971015747
MI,2020,169939.183860377
MI,2021,186887.295701709
MN,2000,156870.026959248
MN,2001,173842.198022681
MN,2002,190514.393730227
MN,2003,203554.887118923
MN,2004,207586.284837034
MN,2005,206946.633268102
MN,2006,209144.539912917
MN,2007,205762.280072137
MN,2008,193309.853828711
MN,2009,169414.667003902
MN,2010,159980.066874239
MN,2011,148456.576566125
MN,2012,141542.134291764
MN,2013,148073.480128548
MN,2014,154621.174791302
MN,2015,159337.925116846
MN,2016,167366.162595033
MN,2017,177144.805980669
MN,2018,186537.463260052
MN,2019,194259.149980369
MN,2020,201599.474471831
MN,2021,216688.360638921
MO,2000,121436.967447917
MO,2001,131756.593461861
MO,2002,138124.33230413
MO,2003,144137.667381208
MO,2004,145639.63897564
MO,2005,150724.449175412
MO,2006,156442.82629108
MO,2007,157283.077907307
MO,2008,149332.568552253
MO,2009,132559.763209393
MO,2010,125312.478865248
MO,2011,118822.021288285
MO,2012,111911.889529299
MO,2013,113374.442231076
MO,2014,116171.075920563
MO,2015,120254.231020408
MO,2016,124882.845592644
MO,2017,130831.450409197
MO,2018,137708.291666667
MO,2019,144393.731277533
MO,2020,149413.956739364
MO,2021,160978.535277887
MS,2000,
MS,2001,
MS,2002,
MS,2003,76530.9259259259
MS,2004,79279.0138888889
MS,2005,88782.5595238095
MS,2006,93894.4285714286
MS,2007,95734.7857142857
MS,2008,96573.8636363636
MS,2009,112753.649694501
MS,2010,114998.717774763
MS,2011,113771.602247191
MS,2012,98220.2991788647
MS,2013,96829.4301925722
MS,2014,97350.2831264676
MS,2015,100202.227738629
MS,2016,101832.340720222
MS,2017,103653.344736842
MS,2018,105761.009021323
MS,2019,108612.936429104
MS,2020,111458.285400926
MS,2021,116306.036849711
MT,2000,
MT,2001,
MT,2002,
MT,2003,
MT,2004,
MT,2005,245561.159090909
MT,2006,258061.645833333
MT,2007,254332.309160305
MT,2008,247418.391025641
MT,2009,250874.687179487
MT,2010,234626.438633194
MT,2011,226024.35974026
MT,2012,217901.936756757
MT,2013,217204.596870686
MT,2014,225994.07239819
MT,2015,230867.582827407
MT,2016,238857.452991453
MT,2017,249158.591146881
MT,2018,264631.095183044
MT,2019,279311.745383523
MT,2020,289520.047151277
MT,2021,319766.262650602
NC,2000,122670.083285024
NC,2001,129435.804956897
NC,2002,133649.328536783
NC,2003,137306.355565777
NC,2004,142066.74824356
NC,2005,150728.292020129
NC,2006,163442.881107955
NC,2007,173953.168007769
NC,2008,174974.760068892
NC,2009,165443.244533271
NC,2010,157228.692723924
NC,2011,149859.219008264
NC,2012,143852.918439716
NC,2013,144410.584412733
NC,2014,147891.976190476
NC,2015,151338.19512457
NC,2016,156614.226863753
NC,2017,163960.123341891
NC,2018,173010.808587909
NC,2019,180767.797529313
NC,2020,189453.816582915
NC,2021,209336.60618913
ND,2000,
ND,2001,
ND,2002,
ND,2003,
ND,2004,
ND,2005,
ND,2006,
ND,2007,
ND,2008,
ND,2009,147646.36984127
ND,2010,132024.384449244
ND,2011,133804.059006211
ND,2012,136355.219017927
ND,2013,152693.194382853
ND,2014,162699.571325648
ND,2015,171085.281227695
ND,2016,171199.686956522
ND,2017,171580.898652983
ND,2018,163789.032311978
ND,2019,160231.981874676
ND,2020,159003.686323092
ND,2021,163888.056509299
NE,2000,132309.676470588
NE,2001,133859.642276423
NE,2002,129914.53164557
NE,2003,126137.463213655
NE,2004,128786.212787724
NE,2005,132517.084827921
NE,2006,132838.922583405
NE,2007,129333.040059347
NE,2008,125530.340253343
NE,2009,119031.057255377
NE,2010,118209.673504274
NE,2011,115491.630794702
NE,2012,115114.731320368
NE,2013,119457.13757284
NE,2014,122726.056179775
NE,2015,127402.231016288
NE,2016,133249.982712169
NE,2017,141416.790276869
NE,2018,149364.239965841
NE,2019,156655.21468344
NE,2020,159028.545332309
NE,2021,168155.455861877
NH,2000,153868.542332268
NH,2001,173468.95952381
NH,2002,194689.834916865
NH,2003,216946.537949922
NH,2004,241672.418613707
NH,2005,267803.984034268
NH,2006,279169.478971963
NH,2007,273717.789330218
NH,2008,261527.072040498
NH,2009,244661.990654206
NH,2010,237028.084501558
NH,2011,230618.889018692
NH,2012,222894.210626911
NH,2013,226763.34147272
NH,2014,234076.221084566
NH,2015,240558.864030132
NH,2016,246326.606115108
NH,2017,259033.624515675
NH,2018,275073.236236934
NH,2019,287715.786111111
NH,2020,304087.082291667
NH,2021,348598.465517241
NJ,2000,225334.980085558
NJ,2001,250448.656637168
NJ,2002,280336.310029499
NJ,2003,320826.365634218
NJ,2004,363782.974188791
NJ,2005,417618.208554572
NJ,2006,457706.330825959
NJ,2007,451418.544932233
NJ,2008,423241.153450051
NJ,2009,390702.224471831
NJ,2010,377141.441314554
NJ,2011,355284.739583333
NJ,2012,339096.246378932
NJ,2013,342094.65967366
NJ,2014,355448.1002331
NJ,2015,358546.707609954
NJ,2016,361352.774450231
NJ,2017,370496.795185933
NJ,2018,384439.378696526
NJ,2019,388648.89040318
NJ,2020,401628.161207997
NJ,2021,448162.309488431
NM,2000,
NM,2001,
NM,2002,174972.165116279
NM,2003,182980.964506173
NM,2004,192254.75154321
NM,2005,206394.97412481
NM,2006,229687.716666667
NM,2007,247218.107575758
NM,2008,246767.96969697
NM,2009,208955.3046875
NM,2010,185269.381750466
NM,2011,172244.561887801
NM,2012,162889.07965616
NM,2013,163150.417528579
NM,2014,165895.985586481
NM,2015,165487.030234657
NM,2016,168220.04247941
NM,2017,173131.002092926
NM,2018,176899.051251956
NM,2019,179461.704489219
NM,2020,186727.566504178
NM,2021,204898.199172271
NV,2000,198627.381172839
NV,2001,212255.357253086
NV,2002,227959.320216049
NV,2003,250704.166666667
NV,2004,313641.075617284
NV,2005,395908.758487654
NV,2006,425119.738425926
NV,2007,398123.55
NV,2008,319321.907759883
NV,2009,219103.294227188
NV,2010,186479.686192469
NV,2011,165597.799054374
NV,2012,159509.905251142
NV,2013,185359.033351264
NV,2014,212376.182258065
NV,2015,229123.117553191
NV,2016,245534.230360934
NV,2017,263861.094030639
NV,2018,296024.770362585
NV,2019,309184.95473251
NV,2020,320920.62654321
NV,2021,364407.060185185
NY,2000,151341.526532843
NY,2001,168435.951415001
NY,2002,187246.24093124
NY,2003,209227.609942639
NY,2004,231449.362416435
NY,2005,261263.615039938
NY,2006,286917.634555534
NY,2007,289015.157006354
NY,2008,284168.413791432
NY,2009,265887.405044941
NY,2010,258850.280628019
NY,2011,255376.979685389
NY,2012,251755.414125432
NY,2013,257881.639385822
NY,2014,271389.561675273
NY,2015,281942.736190749
NY,2016,289027.810729614
NY,2017,299214.705781503
NY,2018,312401.674904762
NY,2019,320553.503
NY,2020,326581.328716924
NY,2021,353670.662947865
OH,2000,107815.724137931
OH,2001,112471.439138577
OH,2002,115967.88829026
OH,2003,119331.829568106
OH,2004,123315.183202317
OH,2005,126813.359355638
OH,2006,128770.168648827
OH,2007,127924.338011889
OH,2008,124558.161386139
OH,2009,116205.179645812
OH,2010,112120.110928144
OH,2011,107259.58910598
OH,2012,104886.642800087
OH,2013,105940.385297297
OH,2014,108775.574261694
OH,2015,112841.364014337
OH,2016,117080.180296339
OH,2017,123353.105610327
OH,2018,130294.429878475
OH,2019,137180.391012325
OH,2020,143925.873098202
OH,2021,158213.489123679
OK,2000,64276.9958145525
OK,2001,67581.0168918919
OK,2002,70094.4647190294
OK,2003,72116.816403193
OK,2004,74547.1845024215
OK,2005,77760.2771535581
OK,2006,81108.5980682349
OK,2007,84083.9781999377
OK,2008,85241.8930348259
OK,2009,83314.2575022734
OK,2010,82440.9452423698
OK,2011,80664.8020771513
OK,2012,80640.1630813954
OK,2013,82356.6843627947
OK,2014,84650.5457023963
OK,2015,88029.3934262948
OK,2016,90658.9820087831
OK,2017,93403.8760016871
OK,2018,97034.9684797768
OK,2019,100856.463318361
OK,2020,106171.581119353
OK,2021,112492.121102394
OR,2000,162273.826715913
OR,2001,168378.778290283
OR,2002,174831.324108241
OR,2003,181275.472598704
OR,2004,197783.332183908
OR,2005,227445.634328358
OR,2006,266665.395381984
OR,2007,284239.824829932
OR,2008,270398.431660438
OR,2009,238399.841879323
OR,2010,220145.445927289
OR,2011,202233.719736543
OR,2012,196464.756929169
OR,2013,210131.464785652
OR,2014,226083.101827676
OR,2015,242373.874458874
OR,2016,263366.319121447
OR,2017,284792.630570506
OR,2018,301246.203739112
OR,2019,313152.906691999
OR,2020,326523.492792981
OR,2021,367042.036448598
PA,2000,115133.943194292
PA,2001,122798.905442054
PA,2002,131984.837766888
PA,2003,143527.066076012
PA,2004,156976.719259622
PA,2005,169487.159313
PA,2006,182006.089918838
PA,2007,186243.085509509
PA,2008,183595.127594972
PA,2009,163150.185485271
PA,2010,158340.457309616
PA,2011,152297.068307217
PA,2012,147880.537323003
PA,2013,149003.582402881
PA,2014,151232.293429022
PA,2015,152677.664943798
PA,2016,154455.343873128
PA,2017,158272.771297829
PA,2018,164939.244767131
PA,2019,170480.106018721
PA,2020,175755.950016741
PA,2021,192815.308963445
RI,2000,161956.016447368
RI,2001,180691.179824561
RI,2002,210601.456140351
RI,2003,253554.236842105
RI,2004,296497.793859649
RI,2005,335660.728070175
RI,2006,352847.864035088
RI,2007,337276.641447368
RI,2008,312881.617324561
RI,2009,276326.759868421
RI,2010,272463.764254386
RI,2011,258650.529605263
RI,2012,248726.962121212
RI,2013,257189.457792208
RI,2014,268271.271645022
RI,2015,271735.722943723
RI,2016,284475.062770563
RI,2017,301165.033549784
RI,2018,320042.319264069
RI,2019,329043.50974026
RI,2020,347558.382034632
RI,2021,396704.103896104
SC,2000,129968.21258672
SC,2001,135946.917496444
SC,2002,138578.58050513
SC,2003,137669.96588694
SC,2004,140073.835583558
SC,2005,149128.651579846
SC,2006,161666.980141458
SC,2007,167987.481152396
SC,2008,164880.535828877
SC,2009,150171.80505689
SC,2010,140815.065802113
SC,2011,131217.390854779
SC,2012,128834.674164811
SC,2013,131857.681767956
SC,2014,135120.866594124
SC,2015,139725.304140473
SC,2016,145333.44079516
SC,2017,150362.026411076
SC,2018,157986.997667515
SC,2019,165087.249363868
SC,2020,172364.952078032
SC,2021,188757.217736809
SD,2000,
SD,2001,
SD,2002,
SD,2003,
SD,2004,
SD,2005,
SD,2006,158120.5625
SD,2007,160509.673469388
SD,2008,167611.916442049
SD,2009,154728.453560372
SD,2010,151096.633879781
SD,2011,145506.59375
SD,2012,138661.911714771
SD,2013,144227.353648757
SD,2014,148832.934250765
SD,2015,154945.899333827
SD,2016,158218.85675307
SD,2017,165619.970643348
SD,2018,174266.615954416
SD,2019,183189.437567861
SD,2020,186777.152173913
SD,2021,193916.864688857
TN,2000,91864.8541277818
TN,2001,95560.567555938
TN,2002,97847.7595441595
TN,2003,100210.000845309
TN,2004,104048.909320606
TN,2005,110537.254619261
TN,2006,118617.2860134
TN,2007,124313.874232272
TN,2008,123964.288525963
TN,2009,119614.389529232
TN,2010,117025.422609176
TN,2011,113692.841460055
TN,2012,112821.360928962
TN,2013,115811.90943808
TN,2014,120677.867703219
TN,2015,125773.166257501
TN,2016,133232.066284779
TN,2017,142412.321433438
TN,2018,152248.765250545
TN,2019,160745.398858075
TN,2020,170712.76228618
TN,2021,187434.629735234
TX,2000,143842.562697432
TX,2001,143734.48469123
TX,2002,146129.088295953
TX,2003,149288.148671203
TX,2004,156455.767741114
TX,2005,160672.988911655
TX,2006,167217.192940615
TX,2007,170553.415030083
TX,2008,169549.612526188
TX,2009,143031.690767099
TX,2010,136281.870556673
TX,2011,131488.202537877
TX,2012,129411.033366633
TX,2013,136114.86515855
TX,2014,146172.703214724
TX,2015,156544.834475718
TX,2016,165559.788384351
TX,2017,175322.387535575
TX,2018,183913.327203248
TX,2019,191333.254756075
TX,2020,197438.266332834
TX,2021,216362.045883092
UT,2000,204958.420359281
UT,2001,211910.411255411
UT,2002,213237.698051948
UT,2003,212679.425324675
UT,2004,215917.668831169
UT,2005,215912.243705036
UT,2006,238458.243816254
UT,2007,284871.324829932
UT,2008,288769.02350081
UT,2009,240007.557630736
UT,2010,220090.807996051
UT,2011,205957.349975763
UT,2012,191421.292903693
UT,2013,208102.701042041
UT,2014,219029.773792614
UT,2015,227745.329131653
UT,2016,243068.828929068
UT,2017,261460.277083333
UT,2018,284911.587847222
UT,2019,305934.762847222
UT,2020,324998.013139696
UT,2021,373481.28630491
VA,2000,162436.113993174
VA,2001,178760.086629834
VA,2002,196044.315898713
VA,2003,214651.939718422
VA,2004,246807.219474498
VA,2005,293017.083705357
VA,2006,320617.11993337
VA,2007,310467.112191608
VA,2008,286667.429471474
VA,2009,245803.393407534
VA,2010,231512.983612903
VA,2011,220075.077138338
VA,2012,208178.873773087
VA,2013,213103.491475787
VA,2014,216774.212236114
VA,2015,217994.279325661
VA,2016,219856.798868262
VA,2017,225192.87041228
VA,2018,231893.578062372
VA,2019,239415.504748982
VA,2020,247606.334399225
VA,2021,267038.572778828
VT,2000,128209.573872473
VT,2001,136761.757201646
VT,2002,144271.098540146
VT,2003,150273.572170686
VT,2004,167907.934671533
VT,2005,188421.238355167
VT,2006,205061.395289855
VT,2007,214017.613768116
VT,2008,215368.718299712
VT,2009,210777.19756185
VT,2010,207649.227825465
VT,2011,207735.814352017
VT,2012,207383.903896962
VT,2013,207368.939393939
VT,2014,206513.486824769
VT,2015,207635.524703557
VT,2016,210093.417654809
VT,2017,214281.16798419
VT,2018,222613.157480315
VT,2019,229422.213254593
VT,2020,237981.510987209
VT,2021,257416.12189176
WA,2000,194010.176232821
WA,2001,200458.905357143
WA,2002,205102.257283951
WA,2003,212869.343780369
WA,2004,231100.548590865
WA,2005,264042.236394558
WA,2006,304563.406936416
WA,2007,318972.96828479
WA,2008,300092.745552338
WA,2009,253580.853449695
WA,2010,236417.892097747
WA,2011,218345.847257251
WA,2012,211124.262956734
WA,2013,226444.988229968
WA,2014,240822.986873508
WA,2015,258394.082001184
WA,2016,283538.649787172
WA,2017,313230.847393087
WA,2018,344435.178090217
WA,2019,358316.387752119
WA,2020,383372.491113054
WA,2021,434083.496500437
WI,2000,149950.52750131
WI,2001,155512.175495164
WI,2002,160866.700765203
WI,2003,169619.766218354
WI,2004,183392.644402985
WI,2005,192805.105077574
WI,2006,196393.878118093
WI,2007,194841.123334278
WI,2008,189380.18362024
WI,2009,154183.720803911
WI,2010,146148.464790479
WI,2011,138411.14339303
WI,2012,133269.339563863
WI,2013,135279.287668186
WI,2014,140344.485676363
WI,2015,144999.179155614
WI,2016,150986.673076923
WI,2017,159323.501657459
WI,2018,169171.25914903
WI,2019,177937.470789242
WI,2020,186241.291556437
WI,2021,202664.624026512
WV,2000,62178.7441956882
WV,2001,66053.4961739831
WV,2002,68569.3945249597
WV,2003,70800.0499231951
WV,2004,73742.7718926554
WV,2005,79385.8763166837
WV,2006,83667.4331983806
WV,2007,85910.3327874222
WV,2008,87949.3616378126
WV,2009,85749.2493055556
WV,2010,83792.1937777778
WV,2011,82261.5575730735
WV,2012,81475.7373890452
WV,2013,81647.0365441487
WV,2014,83265.0427281845
WV,2015,84691.2345749761
WV,2016,85720.8485693051
WV,2017,85939.2232599119
WV,2018,88988.2060352054
WV,2019,86181.9893127706
WV,2020,87426.7370164282
WV,2021,91823.128341195
WY,2000,
WY,2001,
WY,2002,161748.43373494
WY,2003,167095.912698413
WY,2004,175879.03030303
WY,2005,193945.416666667
WY,2006,207583.484848485
WY,2007,217984.454545455
WY,2008,216070.484848485
WY,2009,235820.432708688
WY,2010,225764.483552632
WY,2011,221605.089159068
WY,2012,215285
WY,2013,219740.422498365
WY,2014,226201.765267176
WY,2015,235394.56163522
WY,2016,246736.98818408
WY,2017,248534.874541004
WY,2018,256445.925425719
WY,2019,269902.341435185
WY,2020,281034.689814815
WY,2021,295846.431019709
